-- phpMyAdmin SQL Dump
-- version 5.2.0
-- https://www.phpmyadmin.net/
--
-- Host: 127.0.0.1
-- Waktu pembuatan: 22 Des 2023 pada 15.13
-- Versi server: 10.4.24-MariaDB
-- Versi PHP: 8.1.6

SET SQL_MODE = "NO_AUTO_VALUE_ON_ZERO";
START TRANSACTION;
SET time_zone = "+00:00";


/*!40101 SET @OLD_CHARACTER_SET_CLIENT=@@CHARACTER_SET_CLIENT */;
/*!40101 SET @OLD_CHARACTER_SET_RESULTS=@@CHARACTER_SET_RESULTS */;
/*!40101 SET @OLD_COLLATION_CONNECTION=@@COLLATION_CONNECTION */;
/*!40101 SET NAMES utf8mb4 */;

--
-- Database: `codeigniter_4_presensi`
--

-- --------------------------------------------------------

--
-- Struktur dari tabel `a_tbl_absensi`
--

CREATE TABLE `a_tbl_absensi` (
  `id_absensi` int(11) NOT NULL,
  `id_user` int(11) NOT NULL COMMENT 'id user di tbl_user',
  `tgl_absensi` date NOT NULL,
  `absen_in` time NOT NULL,
  `absen_out` time DEFAULT NULL,
  `lokasi_in` varchar(150) NOT NULL,
  `lokasi_out` varchar(150) NOT NULL,
  `foto_in` varchar(150) NOT NULL,
  `foto_out` varchar(150) DEFAULT NULL,
  `keterangan` int(11) NOT NULL
) ENGINE=InnoDB DEFAULT CHARSET=utf8mb4 COMMENT='table absensi';

--
-- Dumping data untuk tabel `a_tbl_absensi`
--

INSERT INTO `a_tbl_absensi` (`id_absensi`, `id_user`, `tgl_absensi`, `absen_in`, `absen_out`, `lokasi_in`, `lokasi_out`, `foto_in`, `foto_out`, `keterangan`) VALUES
(6, 13, '2023-06-14', '16:20:59', NULL, '-3.8318456,102.2992281', '', '13-2023-06-14-162059.jpeg', NULL, 4),
(7, 9, '2023-06-14', '22:11:54', '22:55:14', '-3.8317400367867807,102.29953506527636', '-3.831674130806667,102.29952323085033', '9-2023-06-14-221154.jpeg', '9-2023-06-14-225514.jpeg', 5),
(8, 1, '2023-07-15', '14:06:36', NULL, '-3.8316605621527224,102.2995419988544', '', '1-2023-06-15-140636.jpeg', NULL, 4),
(9, 1, '2023-06-16', '21:32:59', NULL, '-3.8465843,102.3120415', '', '1-2023-06-16-213259.jpeg', NULL, 4),
(10, 18, '2023-06-22', '17:46:48', '17:46:59', '-3.8223602,102.2884685', '-3.8224375,102.2882597', '18-2023-06-22-174648.jpeg', '18-2023-06-22-174659.jpeg', 5),
(11, 18, '2023-06-23', '07:30:59', NULL, '-3.8270948,102.3026697', '', '18-2023-06-23-073059.jpeg', NULL, 4),
(12, 34, '2023-06-23', '08:25:18', NULL, '', '', '34-2023-06-23-082518.jpeg', NULL, 4),
(13, 23, '2023-06-23', '08:32:51', '10:35:09', '', '-4.0036084,102.4930602', '23-2023-06-23-083251.jpeg', '23-2023-06-23-103509.jpeg', 5),
(22, 1, '2023-06-25', '07:56:29', '13:30:59', '-3.8373829294061936,102.30144713116846', '', '1-2023-06-25-075629.jpeg', '1-2023-06-25-133059.jpeg', 5),
(23, 13, '2023-06-25', '08:32:41', NULL, '-3.8373831739101045,102.30144558244972', '', '13-2023-06-25-083241.jpeg', NULL, 4),
(24, 35, '2023-06-26', '13:08:16', '15:59:45', '-4.0775268,102.5563341', '-4.0776878,102.5560831', '35-2023-06-26-130816.jpeg', '35-2023-06-26-155945.jpeg', 5),
(25, 30, '2023-06-26', '13:20:27', '15:56:09', '-4.0715288,102.5629708', '-4.0715288,102.5629708', '30-2023-06-26-132027.jpeg', '30-2023-06-26-155609.jpeg', 5),
(26, 26, '2023-06-26', '13:21:00', '15:59:02', '-4.0776892,102.5560773', '-4.087636,102.5522126', '26-2023-06-26-132100.jpeg', '26-2023-06-26-155902.jpeg', 5),
(27, 28, '2023-06-26', '13:23:23', '15:56:25', '-4.0776536,102.5558494', '-4.0870563,102.5493439', '28-2023-06-26-132323.jpeg', '28-2023-06-26-155625.jpeg', 5),
(28, 19, '2023-06-26', '14:09:07', '16:00:03', '-4.0775566,102.5562811', '-4.0128059,102.5038129', '19-2023-06-26-140907.jpeg', '19-2023-06-26-160003.jpeg', 5),
(29, 31, '2023-06-26', '14:25:04', '15:59:33', '-4.0776885,102.5560792', '-4.0776884,102.5560813', '31-2023-06-26-142504.jpeg', '31-2023-06-26-155933.jpeg', 5),
(30, 34, '2023-06-26', '15:51:03', '15:52:32', '', '', '34-2023-06-26-155103.jpeg', '34-2023-06-26-155232.jpeg', 5),
(31, 21, '2023-06-26', '15:54:03', '15:54:46', '', '', '21-2023-06-26-155403.jpeg', '21-2023-06-26-155446.jpeg', 5),
(32, 20, '2023-06-26', '15:55:01', '15:56:06', '-4.0776541,102.555909', '-4.0776952,102.5560853', '20-2023-06-26-155501.jpeg', '20-2023-06-26-155606.jpeg', 5),
(33, 29, '2023-06-26', '15:58:01', '15:58:38', '', '', '29-2023-06-26-155801.jpeg', '29-2023-06-26-155838.jpeg', 5),
(34, 24, '2023-06-26', '15:59:50', '16:00:18', '-4.0870563,102.5493439', '-4.0852151,102.5471924', '24-2023-06-26-155950.jpeg', '24-2023-06-26-160018.jpeg', 5),
(35, 23, '2023-06-26', '16:00:00', NULL, '-4.0718299,102.5636881', '', '23-2023-06-26-160000.jpeg', NULL, 4),
(39, 1, '2023-06-26', '19:52:08', '19:53:59', '-3.8373707042875527,102.3015142120248', '-3.8373707042875527,102.30151421202481', '1-2023-06-26-195208.jpeg', '1-2023-06-26-195359.jpeg', 5),
(40, 18, '2023-06-26', '20:30:16', '20:30:28', '-3.8124826408557806,102.2866517657868', '-3.812471685103068,102.28665955582859', '18-2023-06-26-203016.jpeg', '18-2023-06-26-203028.jpeg', 5),
(41, 28, '2023-06-27', '07:46:27', NULL, '-4.0774421,102.5563286', '', '28-2023-06-27-074627.jpeg', NULL, 4),
(42, 19, '2023-06-27', '07:46:43', '15:59:35', '-4.0776878,102.5558336', '-4.0774828,102.5561675', '19-2023-06-27-074643.jpeg', '19-2023-06-27-155935.jpeg', 5),
(43, 26, '2023-06-27', '07:49:14', '15:41:50', '-4.0779059,102.5556156', '-4.0773422,102.5562985', '26-2023-06-27-074914.jpeg', '26-2023-06-27-154150.jpeg', 5),
(44, 34, '2023-06-27', '07:57:40', '15:49:37', '-4.078869,102.5730128', '-4.0664379,102.5489853', '34-2023-06-27-075740.jpeg', '34-2023-06-27-154937.jpeg', 5),
(45, 35, '2023-06-27', '07:58:56', '15:51:25', '-3.8841062,102.3530575', '-4.0773421,102.5562982', '35-2023-06-27-075856.jpeg', '35-2023-06-27-155125.jpeg', 5),
(46, 20, '2023-06-27', '08:07:11', '15:51:23', '-4.0776168,102.5561942', '-4.0773468,102.5562991', '20-2023-06-27-080711.jpeg', '20-2023-06-27-155123.jpeg', 5),
(47, 18, '2023-06-27', '08:20:39', '19:01:16', '-3.762537,102.304695', '-3.8165062705232495,102.30160937888691', '18-2023-06-27-082039.jpeg', '18-2023-06-27-190116.jpeg', 5),
(48, 23, '2023-06-27', '08:41:34', NULL, '-4.0718299,102.5636881', '', '23-2023-06-27-084134.jpeg', NULL, 4),
(49, 25, '2023-06-27', '08:47:11', NULL, '-4.0694209,102.5579502', '', '25-2023-06-27-084711.jpeg', NULL, 4),
(50, 21, '2023-06-27', '08:49:58', '15:48:12', '-4.0775736,102.5562196', '-4.0773422,102.5562982', '21-2023-06-27-084958.jpeg', '21-2023-06-27-154812.jpeg', 5),
(51, 33, '2023-06-27', '09:43:26', '15:56:01', '-4.0773379,102.556297', '-4.0776192,102.5559852', '33-2023-06-27-094326.jpeg', '33-2023-06-27-155601.jpeg', 5),
(52, 1, '2023-06-27', '20:25:20', '20:25:31', '-3.837323267704828,102.30146575985057', '-3.837365738994912,102.30150970406034', '1-2023-06-27-202520.jpeg', '1-2023-06-27-202531.jpeg', 5),
(53, 26, '2023-07-03', '07:28:32', '16:03:44', '-4.0774408,102.5562418', '-4.0773319,102.5562983', '26-2023-07-03-072832.jpeg', '26-2023-07-03-160344.jpeg', 5),
(54, 23, '2023-07-03', '07:37:33', '15:57:18', '-4.0715231,102.5633295', '-4.087636,102.5522126', '23-2023-07-03-073733.jpeg', '23-2023-07-03-155718.jpeg', 5),
(55, 35, '2023-07-03', '07:38:10', '15:59:39', '-4.077298161763191,102.55637979445244', '-4.077273728259286,102.55637596638933', '35-2023-07-03-073810.jpeg', '35-2023-07-03-155939.jpeg', 5),
(56, 20, '2023-07-03', '07:43:44', '16:30:27', '-4.0774405,102.5562403', '-4.0905853,102.5436067', '20-2023-07-03-074344.jpeg', '20-2023-07-03-163027.jpeg', 5),
(57, 22, '2023-07-03', '07:46:14', '16:16:03', '-4.0789825,102.5658399', '-4.0048181,102.4955691', '22-2023-07-03-074614.jpeg', '22-2023-07-03-161603.jpeg', 5),
(58, 21, '2023-07-03', '07:46:25', '16:33:28', '-4.0776316,102.5558723', '-4.0774089,102.5562913', '21-2023-07-03-074625.jpeg', '21-2023-07-03-163328.jpeg', 5),
(59, 25, '2023-07-03', '07:53:29', '16:00:02', '-4.0777497,102.5558139', '-4.0773539,102.5562683', '25-2023-07-03-075329.jpeg', '25-2023-07-03-160002.jpeg', 5),
(60, 34, '2023-07-03', '07:55:58', '16:08:14', '-4.0873235,102.5522126', '-4.08613,102.5486267', '34-2023-07-03-075558.jpeg', '34-2023-07-03-160814.jpeg', 5),
(61, 24, '2023-07-03', '07:56:57', '16:04:02', '-4.077687,102.5560731', '-4.0773346,102.5562991', '24-2023-07-03-075657.jpeg', '24-2023-07-03-160402.jpeg', 5),
(62, 19, '2023-07-03', '08:00:47', '16:02:57', '-4.0777706,102.5558766', '-4.0773326,102.5562985', '19-2023-07-03-080047.jpeg', '19-2023-07-03-160257.jpeg', 5),
(63, 31, '2023-07-03', '08:08:16', '16:01:11', '-4.0774638,102.5562143', '-4.0773351,102.5562991', '31-2023-07-03-080816.jpeg', '31-2023-07-03-160111.jpeg', 5),
(64, 29, '2023-07-03', '08:15:09', '16:02:27', '-4.0775732,102.5562391', '-4.0773332,102.5562918', '29-2023-07-03-081509.jpeg', '29-2023-07-03-160227.jpeg', 5),
(65, 30, '2023-07-03', '08:15:39', '16:04:12', '-4.0775099,102.5561254', '-4.0773352,102.556296', '30-2023-07-03-081539.jpeg', '30-2023-07-03-160412.jpeg', 5),
(66, 28, '2023-07-03', '08:18:43', '16:05:32', '-4.0688469,102.5547228', '-4.077332,102.5562982', '28-2023-07-03-081843.jpeg', '28-2023-07-03-160532.jpeg', 5),
(67, 33, '2023-07-03', '09:24:24', '16:02:12', '-4.0773351,102.5562991', '-4.0773331,102.5562986', '33-2023-07-03-092424.jpeg', '33-2023-07-03-160212.jpeg', 5),
(68, 32, '2023-07-03', '16:12:13', '16:12:27', '-4.0773404,102.5562968', '-4.0773404,102.5562968', '32-2023-07-03-161213.jpeg', '32-2023-07-03-161227.jpeg', 5),
(69, 36, '2023-07-03', '17:08:53', NULL, '-4.0749302,102.5570709', '', '36-2023-07-03-170853.jpeg', NULL, 4),
(70, 36, '2023-07-04', '06:19:02', NULL, '-4.0776627,102.5561272', '', '36-2023-07-04-061902.jpeg', NULL, 4),
(71, 33, '2023-07-04', '06:56:18', NULL, '-3.8855553,102.3445302', '', '33-2023-07-04-065618.jpeg', NULL, 4),
(72, 29, '2023-07-04', '07:44:17', NULL, '-4.077615,102.5561537', '', '29-2023-07-04-074417.jpeg', NULL, 4),
(73, 32, '2023-07-04', '07:44:49', NULL, '-4.0774243,102.5563157', '', '32-2023-07-04-074449.jpeg', NULL, 4),
(74, 23, '2023-07-04', '07:46:15', NULL, '-4.0715231,102.5633295', '', '23-2023-07-04-074615.jpeg', NULL, 4),
(75, 26, '2023-07-04', '07:54:09', NULL, '-4.077545,102.5563015', '', '26-2023-07-04-075409.jpeg', NULL, 4),
(76, 19, '2023-07-04', '07:56:47', NULL, '-4.0774352,102.5562691', '', '19-2023-07-04-075647.jpeg', NULL, 4),
(77, 25, '2023-07-04', '07:58:20', NULL, '-4.0776279,102.5558929', '', '25-2023-07-04-075820.jpeg', NULL, 4),
(78, 31, '2023-07-04', '08:03:15', NULL, '-4.0771094,102.5561225', '', '31-2023-07-04-080315.jpeg', NULL, 4),
(79, 34, '2023-07-04', '08:20:53', NULL, '-4.0773322,102.5562981', '', '34-2023-07-04-082053.jpeg', NULL, 4),
(80, 21, '2023-07-04', '08:26:02', NULL, '-4.0773351,102.5562976', '', '21-2023-07-04-082602.jpeg', NULL, 4),
(81, 20, '2023-07-04', '08:38:46', NULL, '-4.0773443,102.5562858', '', '20-2023-07-04-083846.jpeg', NULL, 4),
(82, 24, '2023-07-04', '09:00:54', NULL, '-4.0773336,102.5562985', '', '24-2023-07-04-090054.jpeg', NULL, 4),
(83, 30, '2023-07-04', '10:17:50', NULL, '-4.077332,102.5562982', '', '30-2023-07-04-101750.jpeg', NULL, 4),
(84, 28, '2023-07-04', '10:18:52', NULL, '-4.0773319,102.5562982', '', '28-2023-07-04-101852.jpeg', NULL, 4),
(85, 19, '2023-07-05', '08:04:54', NULL, '-4.063294,102.576801', '', '19-2023-07-05-080454.jpeg', NULL, 4),
(86, 31, '2023-07-05', '09:23:35', NULL, '-4.0774333,102.5563227', '', '31-2023-07-05-092335.jpeg', NULL, 4),
(87, 34, '2023-07-05', '09:40:19', '15:52:48', '-4.0749352,102.5570604', '-4.0635528,102.553647', '34-2023-07-05-094019.jpeg', '34-2023-07-05-155248.jpeg', 5),
(88, 30, '2023-07-05', '11:27:20', '15:54:57', '-4.0773391,102.5562855', '-4.0773321,102.5562981', '30-2023-07-05-112720.jpeg', '30-2023-07-05-155457.jpeg', 5),
(89, 28, '2023-07-05', '11:28:56', '15:54:12', '-4.0773319,102.5562982', '-4.0773352,102.5562913', '28-2023-07-05-112856.jpeg', '28-2023-07-05-155412.jpeg', 5),
(90, 26, '2023-07-05', '11:38:35', '15:55:47', '-4.0773329,102.5562963', '-4.0828516,102.5583088', '26-2023-07-05-113835.jpeg', '26-2023-07-05-155547.jpeg', 5),
(91, 36, '2023-07-05', '18:03:50', NULL, '-4.0774569,102.5563365', '', '36-2023-07-05-180350.jpeg', NULL, 4),
(92, 36, '2023-07-06', '06:47:33', '17:17:41', '-4.0773362,102.5562988', '-4.0776743,102.5560147', '36-2023-07-06-064733.jpeg', '36-2023-07-06-171741.jpeg', 5),
(93, 19, '2023-07-06', '07:47:53', '16:14:36', '-4.0128059,102.5038129', '-4.0773324,102.5563097', '19-2023-07-06-074753.jpeg', '19-2023-07-06-161436.jpeg', 5),
(94, 35, '2023-07-06', '07:48:39', NULL, '-4.0776419,102.5560987', '', '35-2023-07-06-074839.jpeg', NULL, 4),
(95, 29, '2023-07-06', '07:52:48', '15:51:17', '-4.078869,102.5730128', '-4.0774577,102.5562303', '29-2023-07-06-075248.jpeg', '29-2023-07-06-155117.jpeg', 5),
(96, 24, '2023-07-06', '07:52:59', '16:09:47', '-4.0794675,102.5755571', '-4.0774536,102.556221', '24-2023-07-06-075259.jpeg', '24-2023-07-06-160947.jpeg', 5),
(97, 25, '2023-07-06', '07:54:59', '15:42:59', '-4.0776322,102.5559402', '-4.0773393,102.5562968', '25-2023-07-06-075459.jpeg', '25-2023-07-06-154259.jpeg', 5),
(98, 31, '2023-07-06', '08:13:47', '15:52:14', '-4.0684949,102.557233', '-4.0773336,102.5562988', '31-2023-07-06-081347.jpeg', '31-2023-07-06-155214.jpeg', 5),
(99, 33, '2023-07-06', '08:56:52', '15:52:43', '-4.077624699999999,102.55627009999999', '-4.0773343,102.5563086', '33-2023-07-06-085652.jpeg', '33-2023-07-06-155243.jpeg', 5),
(100, 26, '2023-07-06', '09:04:25', '15:56:14', '-4.0476925,102.529265', '-4.0773349,102.5563077', '26-2023-07-06-090425.jpeg', '26-2023-07-06-155614.jpeg', 5),
(101, 34, '2023-07-06', '09:13:04', '15:50:03', '-4.0864426,102.5486267', '-4.0635528,102.553647', '34-2023-07-06-091304.jpeg', '34-2023-07-06-155003.jpeg', 5),
(102, 28, '2023-07-06', '10:48:09', '15:55:39', '-4.0773244,102.5563122', '-4.0773435,102.5562913', '28-2023-07-06-104809.jpeg', '28-2023-07-06-155539.jpeg', 5),
(103, 21, '2023-07-06', '15:50:13', '15:50:31', '-4.0773336,102.5562243', '-4.0773336,102.5562243', '21-2023-07-06-155013.jpeg', '21-2023-07-06-155031.jpeg', 5),
(104, 20, '2023-07-06', '15:52:32', '15:52:49', '-4.0773399,102.5562947', '-4.0773399,102.5562947', '20-2023-07-06-155232.jpeg', '20-2023-07-06-155249.jpeg', 5),
(105, 36, '2023-07-07', '06:54:28', '06:54:45', '-4.0776681,102.556085', '-4.0776777,102.5560601', '36-2023-07-07-065428.jpeg', '36-2023-07-07-065445.jpeg', 5),
(106, 25, '2023-07-07', '07:11:43', '16:09:53', '-3.8986748,102.3550525', '-3.982634,102.3724755', '25-2023-07-07-071143.jpeg', '25-2023-07-07-160953.jpeg', 5),
(107, 35, '2023-07-07', '07:21:45', NULL, '-4.077267884572138,102.55633337524846', '', '35-2023-07-07-072145.jpeg', NULL, 4),
(108, 20, '2023-07-07', '07:59:09', '16:33:39', '-4.0774084,102.5562553', '-4.0569211,102.5368104', '20-2023-07-07-075909.jpeg', '20-2023-07-07-163339.jpeg', 5),
(109, 21, '2023-07-07', '08:35:59', '16:20:28', '-4.0749471,102.5570583', '-4.077324,102.5563057', '21-2023-07-07-083559.jpeg', '21-2023-07-07-162028.jpeg', 5),
(110, 33, '2023-07-07', '09:21:38', '16:29:26', '-4.0773317,102.5563095', '-4.0773329,102.5563098', '33-2023-07-07-092138.jpeg', '33-2023-07-07-162926.jpeg', 5),
(111, 28, '2023-07-07', '10:09:47', '16:29:23', '-4.0773322,102.5563094', '-4.0773597,102.5562777', '28-2023-07-07-100947.jpeg', '28-2023-07-07-162923.jpeg', 5),
(112, 34, '2023-07-07', '10:25:35', '16:20:14', '-4.0864426,102.5486267', '-4.08613,102.5486267', '34-2023-07-07-102535.jpeg', '34-2023-07-07-162014.jpeg', 5),
(113, 19, '2023-07-07', '10:40:06', NULL, '-4.0774506,102.5562176', '', '19-2023-07-07-104006.jpeg', NULL, 4),
(114, 24, '2023-07-07', '11:03:46', '16:31:47', '-4.077332,102.5563097', '-4.0771686,102.5556861', '24-2023-07-07-110346.jpeg', '24-2023-07-07-163147.jpeg', 5),
(115, 30, '2023-07-07', '16:28:22', '16:28:30', '-4.0773322,102.5563094', '-4.0773322,102.5563094', '30-2023-07-07-162822.jpeg', '30-2023-07-07-162830.jpeg', 5),
(116, 36, '2023-07-10', '06:40:39', '17:09:30', '-4.0773313,102.5562878', '-4.0776121,102.5561248', '36-2023-07-10-064039.jpeg', '36-2023-07-10-170930.jpeg', 5),
(117, 35, '2023-07-10', '07:21:15', NULL, '-4.0773127049592075,102.55644419730257', '', '35-2023-07-10-072115.jpeg', NULL, 4),
(118, 21, '2023-07-10', '07:46:29', '15:56:04', '-4.077407,102.5562783', '-4.0773318,102.5563094', '21-2023-07-10-074629.jpeg', '21-2023-07-10-155604.jpeg', 5),
(119, 22, '2023-07-10', '07:51:12', '16:07:50', '-4.0789825,102.5658399', '-4.0777439,102.5651226', '22-2023-07-10-075112.jpeg', '22-2023-07-10-160750.jpeg', 5),
(120, 26, '2023-07-10', '08:01:27', '15:59:47', '-4.0749294,102.5570756', '-4.0773329,102.5563098', '26-2023-07-10-080127.jpeg', '26-2023-07-10-155947.jpeg', 5),
(121, 20, '2023-07-10', '08:11:59', '16:32:17', '-4.0777726,102.5560644', '-4.066616,102.5177929', '20-2023-07-10-081159.jpeg', '20-2023-07-10-163217.jpeg', 5),
(122, 28, '2023-07-10', '08:14:01', '16:00:24', '-4.0773413,102.5563012', '-4.0773381,102.5562892', '28-2023-07-10-081401.jpeg', '28-2023-07-10-160024.jpeg', 5),
(123, 34, '2023-07-10', '08:14:21', '15:49:07', '-4.0667447,102.5493439', '-4.08613,102.5486267', '34-2023-07-10-081421.jpeg', '34-2023-07-10-154907.jpeg', 5),
(124, 25, '2023-07-10', '08:15:08', '15:38:39', '-4.07733,102.55606666666667', '-4.0773218,102.5563056', '25-2023-07-10-081508.jpeg', '25-2023-07-10-153839.jpeg', 5),
(125, 29, '2023-07-10', '08:28:13', '15:52:34', '-4.0773366,102.5563135', '-4.0773339,102.5563102', '29-2023-07-10-082813.jpeg', '29-2023-07-10-155234.jpeg', 5),
(126, 24, '2023-07-10', '08:28:27', '15:59:33', '-4.0773349,102.5563103', '-4.0776604,102.5559061', '24-2023-07-10-082827.jpeg', '24-2023-07-10-155933.jpeg', 5),
(127, 31, '2023-07-10', '08:28:41', '15:56:17', '-4.0775618,102.5568744', '-4.0773342,102.5563094', '31-2023-07-10-082841.jpeg', '31-2023-07-10-155617.jpeg', 5),
(128, 19, '2023-07-10', '08:33:44', '16:00:11', '-4.085345,102.5642636', '-4.077332,102.5563097', '19-2023-07-10-083344.jpeg', '19-2023-07-10-160011.jpeg', 5),
(129, 33, '2023-07-10', '08:47:47', '15:55:24', '-4.0773339,102.5563102', '-4.0825391,102.5583088', '33-2023-07-10-084747.jpeg', '33-2023-07-10-155524.jpeg', 5),
(130, 20, '2023-07-11', '06:50:19', '17:24:46', '-4.0773076,102.5564165', '-4.0773856,102.5563619', '20-2023-07-11-065019.jpeg', '20-2023-07-11-172446.jpeg', 5),
(131, 26, '2023-07-11', '07:43:40', '16:00:05', '-4.0770569,102.5561573', '-4.0773239,102.5563058', '26-2023-07-11-074340.jpeg', '26-2023-07-11-160005.jpeg', 5),
(132, 35, '2023-07-11', '07:44:52', '15:51:10', '-4.0774319,102.5561967', '-4.077308398907335,102.55645204682301', '35-2023-07-11-074452.jpeg', '35-2023-07-11-155110.jpeg', 5),
(133, 19, '2023-07-11', '07:44:57', '16:05:34', '-4.0632941,102.5768036', '-4.0770143,102.5561273', '19-2023-07-11-074457.jpeg', '19-2023-07-11-160534.jpeg', 5),
(134, 29, '2023-07-11', '07:52:00', '15:52:46', '-4.0773343,102.5563427', '-4.0664323,102.5493439', '29-2023-07-11-075200.jpeg', '29-2023-07-11-155246.jpeg', 5),
(135, 34, '2023-07-11', '08:04:32', '16:05:39', '-4.0774884,102.5561869', '-4.0776108,102.5559241', '34-2023-07-11-080432.jpeg', '34-2023-07-11-160539.jpeg', 5),
(136, 23, '2023-07-11', '08:08:46', '15:57:44', '-4.0715174,102.5636881', '-4.0773324,102.5562982', '23-2023-07-11-080846.jpeg', '23-2023-07-11-155744.jpeg', 5),
(137, 31, '2023-07-11', '08:29:01', NULL, '-4.0741704,102.5588029', '', '31-2023-07-11-082901.jpeg', NULL, 4),
(138, 24, '2023-07-11', '08:32:08', '15:56:50', '-4.077502,102.5561356', '-4.0773323,102.5563097', '24-2023-07-11-083208.jpeg', '24-2023-07-11-155650.jpeg', 5),
(139, 25, '2023-07-11', '08:44:49', '15:56:49', '-3.8978607,102.3552775', '-4.0773371,102.5562991', '25-2023-07-11-084449.jpeg', '25-2023-07-11-155649.jpeg', 5),
(140, 21, '2023-07-11', '09:23:28', '15:56:24', '-4.0773352,102.5563099', '-4.0773595,102.5562792', '21-2023-07-11-092328.jpeg', '21-2023-07-11-155624.jpeg', 5),
(141, 28, '2023-07-11', '11:44:38', '15:55:59', '-4.077332,102.5563093', '-4.0773322,102.5563094', '28-2023-07-11-114438.jpeg', '28-2023-07-11-155559.jpeg', 5),
(142, 33, '2023-07-11', '11:45:51', '15:55:13', '-4.0773317,102.5563095', '-4.0773394,102.5563047', '33-2023-07-11-114551.jpeg', '33-2023-07-11-155513.jpeg', 5),
(143, 22, '2023-07-11', '16:06:20', NULL, '-4.07711642,102.55621394', '', '22-2023-07-11-160620.jpeg', NULL, 4),
(144, 36, '2023-07-11', '16:52:01', NULL, '-4.0773337,102.5563073', '', '36-2023-07-11-165201.jpeg', NULL, 4),
(145, 36, '2023-07-12', '06:42:57', '06:43:14', '-4.0776895,102.5560584', '-4.077651,102.556041', '36-2023-07-12-064257.jpeg', '36-2023-07-12-064314.jpeg', 5),
(146, 20, '2023-07-12', '07:19:25', '16:34:31', '-4.0774305,102.556204', '-4.07735,102.5563058', '20-2023-07-12-071925.jpeg', '20-2023-07-12-163431.jpeg', 5),
(147, 21, '2023-07-12', '07:49:00', '16:02:21', '-4.0851469,102.590947', '-4.076778,102.5565859', '21-2023-07-12-074900.jpeg', '21-2023-07-12-160221.jpeg', 5),
(148, 24, '2023-07-12', '07:49:19', '15:59:46', '-4.0877491,102.5862254', '-4.07745,102.5562167', '24-2023-07-12-074919.jpeg', '24-2023-07-12-155946.jpeg', 5),
(149, 19, '2023-07-12', '07:54:45', '15:58:06', '-4.0839083,102.5902296', '-4.0773321,102.5563093', '19-2023-07-12-075445.jpeg', '19-2023-07-12-155806.jpeg', 5),
(150, 23, '2023-07-12', '07:58:10', NULL, '-4.076841,102.5826969', '', '23-2023-07-12-075810.jpeg', NULL, 4),
(151, 31, '2023-07-12', '08:17:43', '15:52:11', '-4.0775522,102.5560197', '-4.0773364,102.5563104', '31-2023-07-12-081743.jpeg', '31-2023-07-12-155211.jpeg', 5),
(152, 26, '2023-07-12', '08:29:34', '15:57:24', '-4.0775297,102.5561063', '-4.0773327,102.5563097', '26-2023-07-12-082934.jpeg', '26-2023-07-12-155724.jpeg', 5),
(153, 34, '2023-07-12', '08:29:41', '15:46:38', '-4.0664323,102.5493439', '-4.0773447,102.5563075', '34-2023-07-12-082941.jpeg', '34-2023-07-12-154638.jpeg', 5),
(154, 29, '2023-07-12', '09:22:18', '15:53:05', '-4.0773329,102.5563098', '-4.0773334,102.5563096', '29-2023-07-12-092218.jpeg', '29-2023-07-12-155305.jpeg', 5),
(155, 25, '2023-07-12', '09:44:29', '16:05:13', '-3.8978852,102.3552442', '-3.8978712,102.3552609', '25-2023-07-12-094429.jpeg', '25-2023-07-12-160513.jpeg', 5),
(156, 28, '2023-07-12', '15:57:19', '15:58:18', '-4.0773371,102.5562775', '-4.0773392,102.5562979', '28-2023-07-12-155719.jpeg', '28-2023-07-12-155818.jpeg', 5),
(157, 30, '2023-07-12', '15:57:48', '15:58:06', '-4.077332,102.5563093', '-4.077332,102.5563093', '30-2023-07-12-155748.jpeg', '30-2023-07-12-155806.jpeg', 5),
(158, 36, '2023-07-13', '06:46:37', '16:59:41', '-4.0749328,102.5570593', '-4.0773255,102.5563068', '36-2023-07-13-064637.jpeg', '36-2023-07-13-165941.jpeg', 5),
(159, 35, '2023-07-13', '07:46:17', '15:55:56', '-4.0749272,102.5570671', '-4.0776163,102.5560467', '35-2023-07-13-074617.jpeg', '35-2023-07-13-155556.jpeg', 5),
(160, 25, '2023-07-13', '07:52:05', '15:26:41', '-4.0776494,102.5559118', '-4.0777041,102.5560957', '25-2023-07-13-075205.jpeg', '25-2023-07-13-152641.jpeg', 5),
(161, 19, '2023-07-13', '07:53:03', '16:03:52', '-4.0775785,102.5559985', '-4.0775004,102.5561898', '19-2023-07-13-075303.jpeg', '19-2023-07-13-160352.jpeg', 5),
(162, 31, '2023-07-13', '08:04:49', '15:59:44', '-4.0775212,102.5561282', '-4.0777052,102.5560817', '31-2023-07-13-080449.jpeg', '31-2023-07-13-155944.jpeg', 5),
(163, 20, '2023-07-13', '08:35:55', '16:08:20', '-4.0777064,102.5560381', '-4.077604,102.5562315', '20-2023-07-13-083555.jpeg', '20-2023-07-13-160820.jpeg', 5),
(164, 34, '2023-07-13', '08:36:48', NULL, '-4.0667447,102.5493439', '', '34-2023-07-13-083648.jpeg', NULL, 4),
(165, 26, '2023-07-13', '09:18:41', '15:59:14', '-3.9871875,102.4269066', '-4.0769255,102.5575916', '26-2023-07-13-091841.jpeg', '26-2023-07-13-155914.jpeg', 5),
(166, 24, '2023-07-13', '09:25:44', '16:03:14', '-4.0774378,102.5562351', '-4.0774815,102.5561877', '24-2023-07-13-092544.jpeg', '24-2023-07-13-160314.jpeg', 5),
(167, 33, '2023-07-13', '09:30:19', '15:55:11', '-4.0777121,102.5560794', '-4.0776651,102.5559055', '33-2023-07-13-093019.jpeg', '33-2023-07-13-155511.jpeg', 5),
(168, 30, '2023-07-13', '10:43:02', '15:55:12', '-4.0775933,102.5561715', '-4.077558,102.5560663', '30-2023-07-13-104302.jpeg', '30-2023-07-13-155512.jpeg', 5),
(169, 23, '2023-07-13', '10:44:13', NULL, '-4.0715174,102.5636881', '', '23-2023-07-13-104413.jpeg', NULL, 4),
(170, 18, '2023-07-13', '11:18:11', NULL, '-3.7629565,102.304377', '', '18-2023-07-13-111811.jpeg', NULL, 4),
(171, 36, '2023-07-14', '06:40:36', '17:06:51', '-4.0776405,102.5560876', '-4.0776062,102.5560555', '36-2023-07-14-064036.jpeg', '36-2023-07-14-170651.jpeg', 5),
(172, 20, '2023-07-14', '07:48:34', '16:33:03', '-4.0773335,102.5563058', '-4.0766138,102.5577244', '20-2023-07-14-074834.jpeg', '20-2023-07-14-163303.jpeg', 5),
(173, 29, '2023-07-14', '07:49:48', '16:21:19', '-4.0773981,102.5562685', '-4.0775665,102.5563183', '29-2023-07-14-074948.jpeg', '29-2023-07-14-162119.jpeg', 5),
(174, 19, '2023-07-14', '08:10:22', '16:26:38', '-4.0790191,102.5776493', '-4.0775661,102.5563131', '19-2023-07-14-081022.jpeg', '19-2023-07-14-162638.jpeg', 5),
(175, 31, '2023-07-14', '08:28:00', NULL, '-4.0773759,102.5563362', '', '31-2023-07-14-082800.jpeg', NULL, 4),
(176, 25, '2023-07-14', '08:33:08', '16:38:22', '-3.8987163,102.3562313', '-3.9979452,102.4379861', '25-2023-07-14-083308.jpeg', '25-2023-07-14-163822.jpeg', 5),
(177, 33, '2023-07-14', '08:56:55', '16:28:09', '-4.077583,102.5559687', '-4.0777055,102.5560793', '33-2023-07-14-085655.jpeg', '33-2023-07-14-162809.jpeg', 5),
(178, 21, '2023-07-14', '08:59:52', '16:25:43', '-4.0773312,102.5563082', '-4.0764894,102.5570668', '21-2023-07-14-085952.jpeg', '21-2023-07-14-162543.jpeg', 5),
(179, 24, '2023-07-14', '09:07:55', NULL, '-4.0773436,102.5563029', '', '24-2023-07-14-090755.jpeg', NULL, 4),
(180, 28, '2023-07-14', '09:17:56', '16:19:25', '-4.0773318,102.5563094', '-4.0799645,102.5432481', '28-2023-07-14-091756.jpeg', '28-2023-07-14-161925.jpeg', 5),
(181, 30, '2023-07-14', '09:18:22', '16:20:53', '-4.0773321,102.556309', '-4.0749328,102.5570593', '30-2023-07-14-091822.jpeg', '30-2023-07-14-162053.jpeg', 5),
(182, 34, '2023-07-14', '16:23:53', '16:24:02', '-4.0667447,102.5493439', '-4.0667447,102.5493439', '34-2023-07-14-162353.jpeg', '34-2023-07-14-162402.jpeg', 5),
(183, 36, '2023-07-17', '06:37:10', '16:59:38', '-4.077337,102.5563004', '-4.0774878,102.5561031', '36-2023-07-17-063710.jpeg', '36-2023-07-17-165938.jpeg', 5),
(184, 31, '2023-07-17', '07:43:20', '07:45:57', '-4.077346,102.5562875', '-4.0779383,102.5555734', '31-2023-07-17-074320.jpeg', '31-2023-07-17-074557.jpeg', 5),
(185, 24, '2023-07-17', '07:45:27', '15:56:46', '-4.0770582,102.5561725', '-4.0775703,102.5563166', '24-2023-07-17-074527.jpeg', '24-2023-07-17-155646.jpeg', 5),
(186, 20, '2023-07-17', '07:46:40', '16:00:14', '-4.0778864,102.5556786', '-4.0768612,102.556582', '20-2023-07-17-074640.jpeg', '20-2023-07-17-160014.jpeg', 5),
(187, 21, '2023-07-17', '07:46:51', '15:48:06', '-4.0777375,102.555774', '-4.0776105,102.5558763', '21-2023-07-17-074651.jpeg', '21-2023-07-17-154806.jpeg', 5),
(188, 19, '2023-07-17', '07:48:14', '16:02:00', '-4.0776921,102.5560633', '-4.0774401,102.5562219', '19-2023-07-17-074814.jpeg', '19-2023-07-17-160200.jpeg', 5),
(189, 30, '2023-07-17', '07:49:59', '15:47:23', '-4.0777503,102.5558379', '-4.0773389,102.5563084', '30-2023-07-17-074959.jpeg', '30-2023-07-17-154723.jpeg', 5),
(190, 28, '2023-07-17', '07:50:39', '15:47:35', '-4.0777223,102.5559588', '-4.077615,102.5560238', '28-2023-07-17-075039.jpeg', '28-2023-07-17-154735.jpeg', 5),
(191, 26, '2023-07-17', '07:59:11', '15:59:00', '-4.0694209,102.5579502', '-4.0775653,102.5563155', '26-2023-07-17-075911.jpeg', '26-2023-07-17-155900.jpeg', 5),
(192, 23, '2023-07-17', '07:59:22', '15:51:37', '-4.0773575,102.5563116', '-4.0773394,102.5563032', '23-2023-07-17-075922.jpeg', '23-2023-07-17-155137.jpeg', 5),
(193, 25, '2023-07-17', '08:22:56', '15:38:03', '-4.0773318,102.5563094', '-4.0685345,102.5547228', '25-2023-07-17-082256.jpeg', '25-2023-07-17-153803.jpeg', 5),
(194, 35, '2023-07-17', '08:27:02', '15:40:46', '-3.8728865,102.3544415', '-4.0756586,102.5586674', '35-2023-07-17-082702.jpeg', '35-2023-07-17-154046.jpeg', 5),
(195, 29, '2023-07-17', '08:45:25', '15:49:46', '-4.0773322,102.5563097', '-4.0775929,102.5561968', '29-2023-07-17-084525.jpeg', '29-2023-07-17-154946.jpeg', 5),
(196, 33, '2023-07-17', '08:45:57', '15:52:20', '-4.0867441,102.5494494', '-4.0846994,102.5463421', '33-2023-07-17-084557.jpeg', '33-2023-07-17-155220.jpeg', 5),
(197, 34, '2023-07-17', '16:05:18', '16:05:29', '-4.0702111,102.5672744', '-4.0774422,102.5562321', '34-2023-07-17-160518.jpeg', '34-2023-07-17-160529.jpeg', 5),
(198, 36, '2023-07-18', '06:37:29', '16:49:28', '-4.0776381,102.55594', '-4.0776941,102.5560392', '36-2023-07-18-063729.jpeg', '36-2023-07-18-164928.jpeg', 5),
(199, 20, '2023-07-18', '07:43:47', '15:58:37', '-4.0775836,102.556242', '-4.0776244,102.5559798', '20-2023-07-18-074347.jpeg', '20-2023-07-18-155837.jpeg', 5),
(200, 34, '2023-07-18', '07:54:30', '15:51:20', '-4.0788577,102.5737301', '-4.0664266,102.5497025', '34-2023-07-18-075430.jpeg', '34-2023-07-18-155120.jpeg', 5),
(201, 23, '2023-07-18', '07:56:29', '15:56:48', '-4.0774497,102.5562106', '-4.0715174,102.5636881', '23-2023-07-18-075629.jpeg', '23-2023-07-18-155648.jpeg', 5),
(202, 19, '2023-07-18', '07:57:40', '16:00:01', '-4.07744,102.5562225', '-4.0633081,102.5493439', '19-2023-07-18-075740.jpeg', '19-2023-07-18-160001.jpeg', 5),
(203, 31, '2023-07-18', '08:01:03', '16:00:18', '-4.0774409,102.5562305', '-4.0768606,102.55658', '31-2023-07-18-080103.jpeg', '31-2023-07-18-160018.jpeg', 5),
(204, 25, '2023-07-18', '08:07:52', '16:10:01', '-3.8978724,102.3552956', '-3.9506533,102.4060007', '25-2023-07-18-080752.jpeg', '25-2023-07-18-161001.jpeg', 5),
(205, 35, '2023-07-18', '08:13:58', NULL, '-4.077326479110136,102.55645624718544', '', '35-2023-07-18-081358.jpeg', NULL, 4),
(206, 26, '2023-07-18', '08:16:01', '15:59:46', '-4.077559,102.5561678', '-4.0776406,102.5561496', '26-2023-07-18-081601.jpeg', '26-2023-07-18-155946.jpeg', 5),
(207, 33, '2023-07-18', '08:43:05', '15:49:11', '-4.0774509,102.5564335', '-4.0774323,102.5562477', '33-2023-07-18-084305.jpeg', '33-2023-07-18-154911.jpeg', 5),
(208, 28, '2023-07-18', '08:43:45', '15:50:39', '-4.0691085,102.5579502', '-4.077012,102.5564939', '28-2023-07-18-084345.jpeg', '28-2023-07-18-155039.jpeg', 5),
(209, 30, '2023-07-18', '08:45:30', '15:51:01', '-4.0775763,102.5560128', '-4.0774534,102.5562197', '30-2023-07-18-084530.jpeg', '30-2023-07-18-155101.jpeg', 5),
(210, 21, '2023-07-18', '09:16:52', '15:58:11', '-4.0776964,102.5562403', '-4.0774477,102.5562304', '21-2023-07-18-091652.jpeg', '21-2023-07-18-155811.jpeg', 5),
(211, 32, '2023-07-18', '15:56:48', '15:57:02', '-4.0774502,102.5562233', '-4.0774502,102.5562233', '32-2023-07-18-155648.jpeg', '32-2023-07-18-155702.jpeg', 5),
(212, 36, '2023-07-21', '06:42:08', '17:13:12', '-4.0749309,102.5570597', '-4.0773293,102.556315', '36-2023-07-21-064208.jpeg', '36-2023-07-21-171312.jpeg', 5),
(213, 20, '2023-07-21', '07:51:04', '16:46:36', '-4.0774435,102.5562309', '-4.0476925,102.529265', '20-2023-07-21-075104.jpeg', '20-2023-07-21-164636.jpeg', 5),
(214, 26, '2023-07-21', '07:53:38', '16:27:32', '-4.077633,102.5561558', '-4.0773318,102.5563209', '26-2023-07-21-075338.jpeg', '26-2023-07-21-162732.jpeg', 5),
(215, 29, '2023-07-21', '07:53:47', '16:21:20', '-4.0774677,102.5562103', '-4.0773315,102.5563207', '29-2023-07-21-075347.jpeg', '29-2023-07-21-162120.jpeg', 5),
(216, 25, '2023-07-21', '08:02:51', '16:08:28', '-3.8979389,102.3551879', '-3.9417539,102.3997695', '25-2023-07-21-080251.jpeg', '25-2023-07-21-160828.jpeg', 5),
(217, 19, '2023-07-21', '08:06:17', '16:26:46', '-4.0774446,102.5562915', '-4.0773432,102.5563445', '19-2023-07-21-080617.jpeg', '19-2023-07-21-162646.jpeg', 5),
(218, 19, '2023-07-21', '08:06:32', NULL, '-4.0774446,102.5562915', '', '19-2023-07-21-080632.jpeg', NULL, 4),
(219, 31, '2023-07-21', '08:12:08', '16:22:09', '-4.0691085,102.5579502', '-4.0774438,102.5562606', '31-2023-07-21-081208.jpeg', '31-2023-07-21-162209.jpeg', 5),
(220, 30, '2023-07-21', '09:47:22', '16:18:45', '-4.077571860927152,102.55610684768212', '-4.0773317,102.55632', '30-2023-07-21-094722.jpeg', '30-2023-07-21-161845.jpeg', 5),
(221, 28, '2023-07-21', '09:48:31', '16:17:40', '-4.077571860927152,102.55610684768212', '-4.0773319,102.5563204', '28-2023-07-21-094831.jpeg', '28-2023-07-21-161740.jpeg', 5),
(222, 33, '2023-07-21', '16:20:59', '16:21:13', '-4.0773315,102.5563207', '-4.0773315,102.5563207', '33-2023-07-21-162059.jpeg', '33-2023-07-21-162113.jpeg', 5),
(223, 32, '2023-07-21', '16:23:21', '16:23:36', '-4.0773303,102.5563153', '-4.0773354,102.5563212', '32-2023-07-21-162321.jpeg', '32-2023-07-21-162336.jpeg', 5),
(224, 24, '2023-07-21', '16:24:37', '16:24:58', '-4.0773321,102.556321', '-4.0773321,102.556321', '24-2023-07-21-162437.jpeg', '24-2023-07-21-162458.jpeg', 5),
(225, 21, '2023-07-21', '16:25:17', '16:26:05', '-4.0774764,102.5562802', '-4.0760486,102.5578068', '21-2023-07-21-162517.jpeg', '21-2023-07-21-162605.jpeg', 5),
(226, 36, '2023-07-24', '06:41:13', '17:38:32', '-4.0776622,102.5561644', '-4.0776721,102.5560773', '36-2023-07-24-064113.jpeg', '36-2023-07-24-173832.jpeg', 5),
(227, 20, '2023-07-24', '07:49:28', '16:09:26', '-4.0776619,102.5561297', '-4.0659516,102.5203023', '20-2023-07-24-074928.jpeg', '20-2023-07-24-160926.jpeg', 5),
(228, 21, '2023-07-24', '07:58:28', '16:00:30', '-4.0774747,102.5561827', '-4.0774669,102.5562043', '21-2023-07-24-075828.jpeg', '21-2023-07-24-160030.jpeg', 5),
(229, 19, '2023-07-24', '08:14:52', NULL, '-4.0146399,102.506322', '', '19-2023-07-24-081452.jpeg', NULL, 4),
(230, 26, '2023-07-24', '08:15:04', NULL, '-4.0777858,102.5557281', '', '26-2023-07-24-081504.jpeg', NULL, 4),
(231, 25, '2023-07-24', '08:24:45', '15:27:33', '-3.898699,102.3551318', '-3.898719,102.3550216', '25-2023-07-24-082445.jpeg', '25-2023-07-24-152733.jpeg', 5),
(232, 23, '2023-07-24', '08:56:04', '15:53:25', '-4.0048126,102.4959275', '-4.0773316,102.5563197', '23-2023-07-24-085604.jpeg', '23-2023-07-24-155325.jpeg', 5),
(233, 29, '2023-07-24', '09:15:03', '15:56:44', '-4.0775764,102.5563031', '-4.077336,102.5563205', '29-2023-07-24-091503.jpeg', '29-2023-07-24-155644.jpeg', 5),
(234, 33, '2023-07-24', '09:17:04', '15:57:15', '-4.0851981,102.5482681', '-4.0773322,102.556321', '33-2023-07-24-091704.jpeg', '33-2023-07-24-155715.jpeg', 5),
(235, 32, '2023-07-24', '09:54:39', '15:53:03', '-4.0776512,102.5558521', '-4.0775762,102.556302', '32-2023-07-24-095439.jpeg', '32-2023-07-24-155303.jpeg', 5),
(236, 28, '2023-07-24', '15:52:26', '15:53:58', '-4.0773315,102.5563208', '-4.0773319,102.5563204', '28-2023-07-24-155226.jpeg', '28-2023-07-24-155358.jpeg', 5),
(237, 30, '2023-07-24', '15:55:31', '15:55:43', '-4.0773319,102.5563205', '-4.0773319,102.5563205', '30-2023-07-24-155531.jpeg', '30-2023-07-24-155543.jpeg', 5),
(238, 20, '2023-07-25', '06:56:33', '16:01:02', '-4.0749273,102.5570575', '-4.0659516,102.5203023', '20-2023-07-25-065633.jpeg', '20-2023-07-25-160102.jpeg', 5),
(239, 18, '2023-07-25', '07:26:28', NULL, '-3.8241658630779365,102.3104606441413', '', '18-2023-07-25-072628.jpeg', NULL, 4),
(240, 35, '2023-07-25', '07:43:52', '15:42:03', '-4.0774479,102.5563336', '-4.0774572,102.5562508', '35-2023-07-25-074352.jpeg', '35-2023-07-25-154203.jpeg', 5),
(241, 26, '2023-07-25', '07:44:56', NULL, '-4.0243404,102.51751', '', '26-2023-07-25-074456.jpeg', NULL, 4),
(242, 19, '2023-07-25', '07:53:10', '15:57:39', '-4.0776876,102.5558223', '-4.0146399,102.506322', '19-2023-07-25-075310.jpeg', '19-2023-07-25-155739.jpeg', 5),
(243, 31, '2023-07-25', '08:12:06', '16:04:16', '-4.0771067,102.5560733', '-4.0774056,102.5562456', '31-2023-07-25-081206.jpeg', '31-2023-07-25-160416.jpeg', 5),
(244, 25, '2023-07-25', '08:12:55', '17:01:35', '-3.8978521,102.355294', '-3.8978518,102.3552959', '25-2023-07-25-081255.jpeg', '25-2023-07-25-170135.jpeg', 5),
(245, 21, '2023-07-25', '08:25:27', '15:55:10', '-4.0774235,102.5562472', '-4.077575,102.5563041', '21-2023-07-25-082527.jpeg', '21-2023-07-25-155510.jpeg', 5),
(246, 33, '2023-07-25', '08:50:39', '15:53:53', '-4.0851981,102.5482681', '-4.077342,102.5563098', '33-2023-07-25-085039.jpeg', '33-2023-07-25-155353.jpeg', 5),
(247, 24, '2023-07-25', '08:56:53', '16:03:59', '-4.0772558,102.5563434', '-4.0774219,102.556239', '24-2023-07-25-085653.jpeg', '24-2023-07-25-160359.jpeg', 5),
(248, 30, '2023-07-25', '12:04:39', '16:01:09', '-4.0773413,102.5563085', '-4.0774223,102.5562849', '30-2023-07-25-120439.jpeg', '30-2023-07-25-160109.jpeg', 5),
(249, 36, '2023-07-25', '17:37:00', '17:37:13', '-4.0776057,102.5562707', '-4.0776065,102.5562309', '36-2023-07-25-173700.jpeg', '36-2023-07-25-173713.jpeg', 5),
(250, 36, '2023-07-26', '06:33:16', '17:47:39', '-4.0749473,102.5570471', '-4.0776819,102.5561464', '36-2023-07-26-063316.jpeg', '36-2023-07-26-174739.jpeg', 5),
(251, 20, '2023-07-26', '07:15:26', '16:45:50', '-4.0775531,102.5563596', '-4.0690106,102.5657603', '20-2023-07-26-071526.jpeg', '20-2023-07-26-164550.jpeg', 5),
(252, 18, '2023-07-26', '07:32:36', NULL, '-3.806856211662712,102.30320261913303', '', '18-2023-07-26-073236.jpeg', NULL, 4),
(253, 21, '2023-07-26', '07:51:08', NULL, '-4.0860787,102.5913057', '', '21-2023-07-26-075108.jpeg', NULL, 4),
(254, 24, '2023-07-26', '07:51:29', NULL, '-4.0877423,102.5862459', '', '24-2023-07-26-075129.jpeg', NULL, 4),
(255, 19, '2023-07-26', '07:55:01', '16:30:35', '-4.0792099,102.5712195', '-4.0223274,102.5138497', '19-2023-07-26-075501.jpeg', '19-2023-07-26-163035.jpeg', 5),
(256, 31, '2023-07-26', '08:33:38', '15:56:26', '-4.0774246,102.5562526', '-4.0775958,102.5563006', '31-2023-07-26-083338.jpeg', '31-2023-07-26-155626.jpeg', 5),
(257, 33, '2023-07-26', '08:47:11', '15:53:17', '-4.077624699999999,102.55627009999999', '-4.077624699999999,102.55627009999999', '33-2023-07-26-084711.jpeg', '33-2023-07-26-155317.jpeg', 5),
(258, 36, '2023-07-27', '06:38:24', '17:54:04', '-4.0776458,102.5561772', '-4.0775993,102.5562814', '36-2023-07-27-063824.jpeg', '36-2023-07-27-175404.jpeg', 5),
(259, 35, '2023-07-27', '07:48:36', '15:41:07', '-4.0774489,102.5563424', '-4.0747413,102.5571619', '35-2023-07-27-074836.jpeg', '35-2023-07-27-154107.jpeg', 5),
(260, 23, '2023-07-27', '07:54:54', NULL, '-4.0777382,102.5654812', '', '23-2023-07-27-075454.jpeg', NULL, 4),
(261, 26, '2023-07-27', '07:55:07', '16:07:11', '-4.0774503,102.5563357', '-4.0773416,102.5563097', '26-2023-07-27-075507.jpeg', '26-2023-07-27-160711.jpeg', 5),
(262, 19, '2023-07-27', '08:00:10', '16:10:39', '-4.0776612,102.555841', '-4.0774174,102.5562389', '19-2023-07-27-080010.jpeg', '19-2023-07-27-161039.jpeg', 5),
(263, 20, '2023-07-27', '08:02:38', '17:50:43', '-4.0776857,102.556006', '-4.0787,102.5755988', '20-2023-07-27-080238.jpeg', '20-2023-07-27-175043.jpeg', 5),
(264, 25, '2023-07-27', '08:04:24', '16:07:32', '-4.077361,102.5563371', '-4.2410033,102.779783', '25-2023-07-27-080424.jpeg', '25-2023-07-27-160732.jpeg', 5),
(265, 24, '2023-07-27', '08:45:34', '16:00:27', '-4.0776229,102.5562602', '-4.0773438,102.5563103', '24-2023-07-27-084534.jpeg', '24-2023-07-27-160027.jpeg', 5),
(266, 33, '2023-07-27', '08:46:41', '16:00:07', '-4.077624699999999,102.55627009999999', '-4.077624699999999,102.55627009999999', '33-2023-07-27-084641.jpeg', '33-2023-07-27-160007.jpeg', 5),
(267, 31, '2023-07-27', '09:03:09', '15:53:42', '-4.0691085,102.5579502', '-4.0773437,102.5563103', '31-2023-07-27-090309.jpeg', '31-2023-07-27-155342.jpeg', 5),
(268, 32, '2023-07-27', '09:53:37', NULL, '-4.0776002,102.5562962', '', '32-2023-07-27-095337.jpeg', NULL, 4),
(269, 28, '2023-07-27', '14:57:39', '14:58:23', '-4.0851981,102.5482681', '-4.0851981,102.5482681', '28-2023-07-27-145739.jpeg', '28-2023-07-27-145823.jpeg', 5),
(270, 30, '2023-07-27', '14:57:42', '14:58:12', '-4.0773419,102.5563091', '-4.0773419,102.5563091', '30-2023-07-27-145742.jpeg', '30-2023-07-27-145812.jpeg', 5),
(271, 36, '2023-07-28', '06:45:02', '17:17:42', '-4.0776982,102.5560908', '-4.0775999,102.5562679', '36-2023-07-28-064502.jpeg', '36-2023-07-28-171742.jpeg', 5),
(272, 18, '2023-07-28', '07:24:01', NULL, '-3.8301269953064976,102.30106091893772', '', '18-2023-07-28-072401.jpeg', NULL, 4),
(273, 23, '2023-07-28', '08:08:03', '16:30:54', '-4.0774404,102.5562682', '-4.0860787,102.5913057', '23-2023-07-28-080803.jpeg', '23-2023-07-28-163054.jpeg', 5),
(274, 26, '2023-07-28', '08:08:37', '16:30:50', '-4.0774147,102.5562234', '-4.0773418,102.5563098', '26-2023-07-28-080837.jpeg', '26-2023-07-28-163050.jpeg', 5),
(275, 19, '2023-07-28', '08:18:33', '16:31:14', '-4.0776189,102.556143', '-4.0774165,102.5562501', '19-2023-07-28-081833.jpeg', '19-2023-07-28-163114.jpeg', 5),
(276, 21, '2023-07-28', '08:19:48', '16:22:35', '-4.0775681,102.5561534', '-4.0170435,102.3909601', '21-2023-07-28-081948.jpeg', '21-2023-07-28-162235.jpeg', 5),
(277, 24, '2023-07-28', '08:52:27', '16:26:20', '-4.0773978,102.5562501', '-4.0773427,102.5563133', '24-2023-07-28-085227.jpeg', '24-2023-07-28-162620.jpeg', 5),
(278, 33, '2023-07-28', '08:53:43', '16:26:34', '-4.0773418,102.5563098', '-4.0773426,102.5563099', '33-2023-07-28-085343.jpeg', '33-2023-07-28-162634.jpeg', 5),
(279, 31, '2023-07-28', '09:32:18', '16:26:23', '-4.0743974,102.5593846', '-4.0773461,102.5563122', '31-2023-07-28-093218.jpeg', '31-2023-07-28-162623.jpeg', 5),
(280, 28, '2023-07-28', '10:17:28', '16:21:04', '-4.077569037943206,102.55611010824889', '-4.0773448,102.5563086', '28-2023-07-28-101728.jpeg', '28-2023-07-28-162104.jpeg', 5),
(281, 30, '2023-07-28', '10:18:03', '16:21:40', '-4.077570089462244,102.55610900634508', '-4.0773416,102.5563084', '30-2023-07-28-101803.jpeg', '30-2023-07-28-162140.jpeg', 5),
(282, 20, '2023-07-28', '11:38:06', NULL, '-4.0777011,102.5560738', '', '20-2023-07-28-113806.jpeg', NULL, 4),
(289, 1, '2023-08-02', '21:19:25', '21:24:57', '-3.837315212842204,102.3017507133927', '-3.8373200278733655,102.3017595369373', '1-2023-08-02-211925.jpeg', '1-2023-08-02-212457.jpeg', 5);

-- --------------------------------------------------------

--
-- Struktur dari tabel `a_tbl_acc_izin`
--

CREATE TABLE `a_tbl_acc_izin` (
  `id_acc` smallint(6) NOT NULL,
  `name_acc` varchar(100) NOT NULL
) ENGINE=InnoDB DEFAULT CHARSET=utf8mb4;

--
-- Dumping data untuk tabel `a_tbl_acc_izin`
--

INSERT INTO `a_tbl_acc_izin` (`id_acc`, `name_acc`) VALUES
(1, 'Dikirim'),
(2, 'Diterima'),
(3, 'Ditolak');

-- --------------------------------------------------------

--
-- Struktur dari tabel `a_tbl_izin`
--

CREATE TABLE `a_tbl_izin` (
  `id_izin` int(11) NOT NULL,
  `id_user` int(11) NOT NULL,
  `tgl_izin` date NOT NULL,
  `keterangan` int(11) NOT NULL,
  `deskripsi` text NOT NULL,
  `status_izin` tinyint(4) NOT NULL COMMENT '0 sudah selesai izin (update)\r\n1 izin, 2 sakit, 3 cuti',
  `status_acc` smallint(6) NOT NULL COMMENT '0 menunggu\r\n1 disetujui\r\n2 ditolak',
  `sd_tgl_izin` date DEFAULT NULL,
  `tgl_masuk` date DEFAULT NULL COMMENT 'tgl masuk kembali'
) ENGINE=InnoDB DEFAULT CHARSET=utf8mb4 COMMENT='table izin';

--
-- Dumping data untuk tabel `a_tbl_izin`
--

INSERT INTO `a_tbl_izin` (`id_izin`, `id_user`, `tgl_izin`, `keterangan`, `deskripsi`, `status_izin`, `status_acc`, `sd_tgl_izin`, `tgl_masuk`) VALUES
(12, 1, '2023-06-18', 0, 'okee', 0, 0, '2023-06-19', '2023-07-10'),
(13, 1, '2023-06-19', 0, 'Izin bos', 0, 0, '2023-06-20', '2023-07-10'),
(14, 18, '2023-06-23', 0, 'kkkk', 0, 0, '2023-06-24', '2023-06-23'),
(15, 1, '2023-06-24', 0, 'dfgdfs', 0, 0, '2023-06-25', '2023-07-10'),
(16, 1, '2023-07-05', 0, '', 0, 1, '2023-07-06', '2023-07-10'),
(17, 1, '2023-07-10', 0, 'ok', 0, 1, '2023-07-14', '2023-07-10'),
(18, 1, '2023-07-11', 2, 'okcddxzzxzxz', 0, 1, '2023-07-12', NULL),
(19, 24, '2023-07-18', 1, 'Dikarenakan ada urusan keluarga...', 0, 1, '0000-00-00', NULL),
(20, 1, '2023-07-25', 2, 'dd', 0, 1, '2023-07-31', NULL);

-- --------------------------------------------------------

--
-- Struktur dari tabel `a_tbl_kantor`
--

CREATE TABLE `a_tbl_kantor` (
  `id` int(11) NOT NULL,
  `nama` varchar(150) NOT NULL,
  `alamat` varchar(255) NOT NULL,
  `lokasi_kantor` varchar(150) NOT NULL
) ENGINE=InnoDB DEFAULT CHARSET=utf8;

--
-- Dumping data untuk tabel `a_tbl_kantor`
--

INSERT INTO `a_tbl_kantor` (`id`, `nama`, `alamat`, `lokasi_kantor`) VALUES
(1, 'Bapenda Kabupaten Seluma', 'Jl. Komp. Ktr. Bupati, Talang Saling, Kec. Seluma, Kabupaten Seluma, Bengkulu 38878', '-4.076904829281605,102.5577620603644'),
(3, 'pos 3 (sukarami)', '', '-4.126613,102.534021'),
(4, 'pos 2( seluma utara)', '', '-4.064356, 102.590821'),
(5, 'pos 4 (taba lubuk puding)', '', '-3.926774, 102.434157'),
(6, 'pos 1(balai adat)', '', '-4.058450,102.587820');

-- --------------------------------------------------------

--
-- Struktur dari tabel `a_tbl_ket`
--

CREATE TABLE `a_tbl_ket` (
  `id` int(11) NOT NULL,
  `kd_ket` varchar(10) NOT NULL,
  `name` varchar(100) NOT NULL
) ENGINE=InnoDB DEFAULT CHARSET=utf8mb4;

--
-- Dumping data untuk tabel `a_tbl_ket`
--

INSERT INTO `a_tbl_ket` (`id`, `kd_ket`, `name`) VALUES
(1, 'I', 'Izin'),
(2, 'S', 'Sakit'),
(3, 'C', 'Cuti'),
(4, 'HP', 'Hadir Pagi'),
(5, 'HS', 'Hadir Hingga Sore'),
(6, 'TH', 'Tidak Hadir'),
(7, 'L', 'Hari Libur'),
(8, 'DL', 'Dinas Luar');

-- --------------------------------------------------------

--
-- Struktur dari tabel `a_tbl_status_izin`
--

CREATE TABLE `a_tbl_status_izin` (
  `id` smallint(6) NOT NULL,
  `name` varchar(100) NOT NULL
) ENGINE=InnoDB DEFAULT CHARSET=utf8mb4;

--
-- Dumping data untuk tabel `a_tbl_status_izin`
--

INSERT INTO `a_tbl_status_izin` (`id`, `name`) VALUES
(1, 'Izin'),
(2, 'Sakit'),
(3, 'Cuti');

-- --------------------------------------------------------

--
-- Struktur dari tabel `tbl_jabatan`
--

CREATE TABLE `tbl_jabatan` (
  `id_jabatan` tinyint(4) NOT NULL,
  `nama_jabatan` varchar(50) NOT NULL
) ENGINE=InnoDB DEFAULT CHARSET=utf8mb4;

--
-- Dumping data untuk tabel `tbl_jabatan`
--

INSERT INTO `tbl_jabatan` (`id_jabatan`, `nama_jabatan`) VALUES
(1, 'Kepala Badan'),
(2, 'Sekretaris'),
(3, 'Kepala Sub Bagian 1'),
(4, 'Kepala Sub bagian 2'),
(5, 'Kepala Sub Bagian 3'),
(6, 'Staff'),
(7, 'Staff Penjaga POS');

-- --------------------------------------------------------

--
-- Struktur dari tabel `tbl_role`
--

CREATE TABLE `tbl_role` (
  `id_role` tinyint(4) NOT NULL,
  `role_name` varchar(50) NOT NULL
) ENGINE=InnoDB DEFAULT CHARSET=utf8mb4;

--
-- Dumping data untuk tabel `tbl_role`
--

INSERT INTO `tbl_role` (`id_role`, `role_name`) VALUES
(1, 'Administrator'),
(2, 'User');

-- --------------------------------------------------------

--
-- Struktur dari tabel `tbl_users`
--

CREATE TABLE `tbl_users` (
  `id_user` int(11) NOT NULL,
  `id_lokasi` int(100) NOT NULL,
  `name` varchar(120) DEFAULT NULL,
  `email` varchar(120) DEFAULT NULL,
  `phone_no` varchar(120) DEFAULT NULL,
  `role` enum('1','2','3') NOT NULL COMMENT '1=admin 2=sekretaris,kabag,kasubbag, 3=staff',
  `password` varchar(255) DEFAULT NULL,
  `created_at` timestamp NOT NULL DEFAULT current_timestamp(),
  `avatar` varchar(100) NOT NULL DEFAULT 'faq_man.png',
  `NIK` varchar(20) NOT NULL,
  `NIP` int(18) NOT NULL,
  `id_jabatan` int(11) NOT NULL,
  `is_active` tinyint(4) NOT NULL,
  `updated_at` datetime DEFAULT NULL
) ENGINE=InnoDB DEFAULT CHARSET=latin1;

--
-- Dumping data untuk tabel `tbl_users`
--

INSERT INTO `tbl_users` (`id_user`, `id_lokasi`, `name`, `email`, `phone_no`, `role`, `password`, `created_at`, `avatar`, `NIK`, `NIP`, `id_jabatan`, `is_active`, `updated_at`) VALUES
(1, 4, 'Administrator', 'admin@gmail.com', '082378788820', '1', '$2y$10$JO8CkPixuofXQ8sZQMxFQud4WdP7df8rMW6fSDU0CmcgNHqjkK4a2', '2023-01-17 12:56:47', 'faq_man.png', '0', 0, 1, 1, NULL),
(9, 4, 'RIAN', 'rian@simpasel.go.id', '0', '2', '$2y$10$843dcWXjKTUgC0dzq0T5T.lgQO3SwktWxlTrFeNY3pYcMV2v3BMvO', '2023-06-13 06:38:58', '1700390326_2b16071bea39bd03b822.jpg', '32131231231231', 1233213213, 6, 1, NULL),
(10, 3, 'EPRI', 'epriyani@simpasel.go.id', NULL, '2', '$2y$10$xQt4RjWPd56LVM3vnCdE2OLP1EfO8QDI91tf/tSMfuEwaLT33HehK', '2023-06-13 06:39:34', 'faq_man.png', '0', 0, 6, 0, NULL),
(12, 1, 'HERRI', 'herri@gmail.com', NULL, '1', '$2y$10$wOu2yVX7gBl8CFZ5f7Mtn.m.3n3yBchwDFAIdVLZFRk8goxqAsSpa', '2023-06-13 06:41:08', 'faq_man.png', '0', 0, 3, 0, NULL),
(13, 1, 'YUYU', 'yuyun@gmail.com', NULL, '1', '$2y$10$dQ9XqgZRQbrT4w5P5D07v.BJNLbtUkGyLlEMD0AweNGTydtvoClEm', '2023-06-13 06:41:52', 'faq_man.png', '0', 0, 1, 1, NULL),
(15, 5, 'PENSI', 'pensi@simpasel.go.id', NULL, '2', '$2y$10$SSddrXsQQK8OiXXy7fxWVOXbXC00fOpH4UXMfwD9aSqwkMnezTtbK', '2023-06-13 06:43:18', 'faq_man.png', '0', 0, 6, 1, NULL),
(16, 4, 'ALFIKRI', 'alfikri@simpasel.go.id', NULL, '2', '$2y$10$ePorY8iA5mnDjVTY3zFOA.bQZXMvWloEwqncZM0/xUZLFZlWL.pz2', '2023-06-13 06:43:51', 'faq_man.png', '0', 0, 6, 1, NULL),
(17, 5, 'RONI', 'roni@simpasel.go.id', NULL, '2', '$2y$10$WRcwYTy0s7vb9vhueyxZLu6ezeZLM0qeo/tyCvrTSNOHasb1s.u7m', '2023-06-13 06:44:21', 'avatarku_160x160.png', '0', 0, 6, 1, NULL),
(18, 1, 'RAHMAT', 'rahmatrahsa21@gmail.com', NULL, '1', '$2y$10$ILoyYDouVnQaIX9FX4faT.liykBiY.CuhLG9XRbRElIIJSq5r6Jj6', '2023-06-19 13:59:37', 'faq_man.png', '2147483647', 0, 6, 1, NULL),
(19, 1, 'NOVIA', 'novia@simpasel.go.id', '082279773891', '2', '$2y$10$yqYTJnqXt.AktwepBPgj2uf8VGyxU.CxxQ1x1RfsEaCrqMY9owF62', '2023-06-22 05:12:52', 'faq_man.png', '2147483647', 0, 6, 1, NULL),
(20, 1, 'DIANA', 'diana@simpasel.go.id', NULL, '2', '$2y$10$LaMFx7ZbQoEkddrFbEj2ReVbj5xkbyaD.yFzNbFvgUOKe11cFxoBW', '2023-06-22 05:14:18', 'faq_man.png', '0', 0, 6, 1, NULL),
(21, 1, 'DAPETRI', 'dapetri@simpasel.go.id', NULL, '2', '$2y$10$mTn/3BTY.mRZXQiJ1XH1kukB0ff8UnBMlRjCrQ7SsTMy6lEcJJjgW', '2023-06-22 05:15:21', 'faq_man.png', '0', 0, 6, 1, NULL),
(22, 1, 'EDI', 'edi@simpasel.go.id', NULL, '2', '$2y$10$cwTj9MIKyJvbyJGQwecmNeRA79v946vA79pjAK4Qpt9cueeMsxeei', '2023-06-22 05:15:52', 'faq_man.png', '0', 0, 6, 1, NULL),
(23, 1, 'RIKI', 'riki@simpasel.go.id', NULL, '2', '$2y$10$UEs6vSHglHUPileIQmuYC.74m9RrfW8v/6V04MRHzw2NnXx4uqVCm', '2023-06-22 06:43:24', 'faq_man.png', '0', 0, 6, 1, NULL),
(24, 1, 'ANSH', 'anshori@simpasel.go.id', NULL, '2', '$2y$10$s/cOOBL4taQJHJ3UGHuDaeJ9K2XvRphpLOq2vjVS/766DXYzkoCbK', '2023-06-22 06:45:18', 'faq_man.png', '0', 0, 6, 1, NULL),
(25, 1, 'ANDI', 'andi@simmpasel.go.id', NULL, '2', '$2y$10$AIRO4ArCy5KhUk.tbIOrZ.43.F2//d8bhd7H75yVo5fdjwr0jIOZq', '2023-06-22 06:46:01', 'faq_man.png', '0', 0, 6, 1, NULL),
(26, 1, 'INDA', 'indah@simpasel.go.id', NULL, '2', '$2y$10$LE4WoTQ7sIONy2CPEz5ptedgEZfmk/oBxr9ABohTaPI5z5OQVlD3O', '2023-06-22 06:46:33', 'faq_man.png', '0', 0, 6, 1, NULL),
(27, 1, 'RUZ', 'ruzi@simpasel.go.id', NULL, '2', '$2y$10$A/SCB4v5hE7xaedGUNyZ8eyHXi4VYSMZg/IMaNnVzvjBdwC9nJe1O', '2023-06-22 06:47:16', 'faq_man.png', '0', 0, 6, 1, NULL),
(28, 1, 'SER', 'serly@simpael.go.id', NULL, '2', '$2y$10$hSleSSr5Y0CUk5DzsBS7K.iMparK01Pf7n7bWS/zDuxUUD38ZzxeW', '2023-06-22 06:52:09', 'faq_man.png', '0', 0, 6, 1, NULL),
(29, 1, 'FITR', 'fitri@simpasel.go.id', NULL, '2', '$2y$10$3UK/QsJC6mV0aD1g7ZjBUOEZxkhppvavX5dISikC.NvTPj2nabo8.', '2023-06-22 06:53:41', 'faq_man.png', '0', 0, 6, 1, NULL),
(30, 1, 'EGGY S', 'eggy@simpasel.go.id', NULL, '2', '$2y$10$ZSP6rihuHbvkFC0UQfBHauaDDdJ1N/S6x43cNqZi7pnXNYS4eTQbK', '2023-06-22 06:54:27', 'faq_man.png', '0', 0, 6, 1, NULL),
(31, 1, 'YULIUS AF', 'yulius@simpasel.go.id', NULL, '2', '$2y$10$ULRuuCM4U0kgLBFSkEs3HOD/Wc2ikiTrgqCfgcT2AM8yKFvEltWwO', '2023-06-22 06:56:03', 'faq_man.png', '0', 0, 6, 1, NULL),
(32, 1, 'DEDES', 'dedes@simpasel.go.id', NULL, '2', '$2y$10$ys1g4OcbxQFZodVTS08nEeBFy5.54eaFe/3mJnr85Hz2TjP8tduZS', '2023-06-22 06:57:33', 'faq_man.png', '0', 0, 6, 1, NULL),
(33, 1, 'OKTARI SY', 'oktari@simpasel.go.id', NULL, '2', '$2y$10$KtW8OD2sfbePnErsy6A//Owyws8MH.S9npKUGOICxfsITWHHC4gze', '2023-06-22 06:58:57', 'faq_man.png', '0', 0, 6, 1, NULL),
(34, 1, 'ESY OTIA', 'esy@simpasel.go.id', NULL, '2', '$2y$10$8jGkHYBeYyBA/832qQi9aO3rVr6Q4Xb4r6SfMBVWKH0y7vgAIACga', '2023-06-22 07:01:29', 'faq_man.png', '0', 0, 6, 1, NULL),
(35, 1, 'HEN', 'heni@simpasel.go.id', NULL, '2', '$2y$10$khXnKxghwUh26ycapX02dOni.sNNSZD1g0GXLG3sYgD5KbRWYO/E.', '2023-06-22 07:02:35', 'faq_man.png', '0', 0, 6, 1, NULL),
(36, 1, 'NOVIAN HA', 'novian@simpasel.go.id', NULL, '2', '$2y$10$N6UTvhd1Nz7JAMWOysSo/evGF7v5dOQiDu4oN7ps/E9dm.xoCsUMm', '2023-06-22 07:06:50', 'faq_man.png', '0', 0, 6, 1, NULL),
(37, 1, 'LIZAH ARIAN', 'lizaharianto@gmail.com', '085357614444', '1', '$2y$10$irhKs0qmWLD6MFL/0eRI9ejU4jMy1XAlw6lOBCk9DsDKASQyh48lO', '2023-06-23 02:07:37', 'faq_man.png', '2147483647', 2147483647, 3, 1, NULL),
(38, 3, 'RE', 'rezali@simpasel.go.id', NULL, '2', '$2y$10$fwWHly3G2lk7LY1D5lmlVODSCWwXjjTmwMmFAkL/SMroRU91/c0ia', '2023-06-24 16:05:35', 'faq_man.png', '0', 0, 6, 1, NULL),
(39, 0, 'DODI ', 'dodi@simpasel.go.id', NULL, '2', '$2y$10$nu/mwlINStwRGY3xn7w2BeKv3FckYQ.UVrp0erSxJMnk3uWIrGAUy', '2023-06-27 04:34:18', 'faq_man.png', '2147483647', 0, 6, 1, NULL);

--
-- Indexes for dumped tables
--

--
-- Indeks untuk tabel `a_tbl_absensi`
--
ALTER TABLE `a_tbl_absensi`
  ADD PRIMARY KEY (`id_absensi`);

--
-- Indeks untuk tabel `a_tbl_acc_izin`
--
ALTER TABLE `a_tbl_acc_izin`
  ADD PRIMARY KEY (`id_acc`);

--
-- Indeks untuk tabel `a_tbl_izin`
--
ALTER TABLE `a_tbl_izin`
  ADD PRIMARY KEY (`id_izin`);

--
-- Indeks untuk tabel `a_tbl_kantor`
--
ALTER TABLE `a_tbl_kantor`
  ADD PRIMARY KEY (`id`);

--
-- Indeks untuk tabel `a_tbl_ket`
--
ALTER TABLE `a_tbl_ket`
  ADD PRIMARY KEY (`id`);

--
-- Indeks untuk tabel `a_tbl_status_izin`
--
ALTER TABLE `a_tbl_status_izin`
  ADD PRIMARY KEY (`id`);

--
-- Indeks untuk tabel `tbl_jabatan`
--
ALTER TABLE `tbl_jabatan`
  ADD PRIMARY KEY (`id_jabatan`);

--
-- Indeks untuk tabel `tbl_role`
--
ALTER TABLE `tbl_role`
  ADD PRIMARY KEY (`id_role`);

--
-- Indeks untuk tabel `tbl_users`
--
ALTER TABLE `tbl_users`
  ADD PRIMARY KEY (`id_user`);

--
-- AUTO_INCREMENT untuk tabel yang dibuang
--

--
-- AUTO_INCREMENT untuk tabel `a_tbl_absensi`
--
ALTER TABLE `a_tbl_absensi`
  MODIFY `id_absensi` int(11) NOT NULL AUTO_INCREMENT, AUTO_INCREMENT=290;

--
-- AUTO_INCREMENT untuk tabel `a_tbl_izin`
--
ALTER TABLE `a_tbl_izin`
  MODIFY `id_izin` int(11) NOT NULL AUTO_INCREMENT, AUTO_INCREMENT=21;

--
-- AUTO_INCREMENT untuk tabel `a_tbl_kantor`
--
ALTER TABLE `a_tbl_kantor`
  MODIFY `id` int(11) NOT NULL AUTO_INCREMENT, AUTO_INCREMENT=7;

--
-- AUTO_INCREMENT untuk tabel `a_tbl_ket`
--
ALTER TABLE `a_tbl_ket`
  MODIFY `id` int(11) NOT NULL AUTO_INCREMENT, AUTO_INCREMENT=9;

--
-- AUTO_INCREMENT untuk tabel `a_tbl_status_izin`
--
ALTER TABLE `a_tbl_status_izin`
  MODIFY `id` smallint(6) NOT NULL AUTO_INCREMENT, AUTO_INCREMENT=4;

--
-- AUTO_INCREMENT untuk tabel `tbl_jabatan`
--
ALTER TABLE `tbl_jabatan`
  MODIFY `id_jabatan` tinyint(4) NOT NULL AUTO_INCREMENT, AUTO_INCREMENT=8;

--
-- AUTO_INCREMENT untuk tabel `tbl_role`
--
ALTER TABLE `tbl_role`
  MODIFY `id_role` tinyint(4) NOT NULL AUTO_INCREMENT, AUTO_INCREMENT=3;

--
-- AUTO_INCREMENT untuk tabel `tbl_users`
--
ALTER TABLE `tbl_users`
  MODIFY `id_user` int(11) NOT NULL AUTO_INCREMENT, AUTO_INCREMENT=40;
COMMIT;

/*!40101 SET CHARACTER_SET_CLIENT=@OLD_CHARACTER_SET_CLIENT */;
/*!40101 SET CHARACTER_SET_RESULTS=@OLD_CHARACTER_SET_RESULTS */;
/*!40101 SET COLLATION_CONNECTION=@OLD_COLLATION_CONNECTION */;
